Model,Accuracy,Precision,Recall,F1 Score,ROC AUC,PR AUC
Gradient Boosting,0.9217042971595047,0.6957123098201936,0.5420258620689655,0.6093276801938219,0.9534807803434125,0.6915561034666557
Random Forest,0.8891721291575625,0.5045592705167173,0.8943965517241379,0.6451612903225806,0.9529489893391199,0.6925672288583337
Logistic Regression,0.8651371692158291,0.4512,0.9116379310344828,0.6036389582590082,0.9438377105052126,0.6222476410557711
